OBJECTID,XCoord,YCoord,x,y
1,-13709527.12470784,5266018.09670692,-123.154777541762,42.6973486378841
