OBJECTID,XCoord,YCoord,x,y
1,-12060178.13513752,4048999.83914392,-108.338423479981,34.1502873343715
