OBJECTID,XCoord,YCoord,x,y
1,-12232628.00453975,3886603.64649466,-109.887567014265,32.9344282908314
