OBJECTID,XCoord,YCoord,x,y
1,-12733244.06395283,4296145.00313000,-114.38467759073,35.9674611752282
