OBJECTID,XCoord,YCoord,x,y
1,-12803246.92887573,4330759.64970302,-115.013524025654,36.2187262140027
