OBJECTID,XCoord,YCoord,x,y
1,-17312734.02729934,2226103.15576438,-155.522935866191,19.6033681173652
