OBJECTID,XCoord,YCoord,x,y
1,-11818227.89776009,4343466.41782553,-106.164947517656,36.3107619248008
