OBJECTID,XCoord,YCoord,x,y
1,-12442329.17578506,4279567.26681586,-111.77134468654,35.8468404443751
