OBJECTID,XCoord,YCoord,x,y
1,-9472967.64863998,5105948.48274972,-85.0971162474306,41.63156522302
