OBJECTID,XCoord,YCoord,x,y
1,-12375413.14899375,5707815.47043824,-111.170227790348,45.5455216146639
