OBJECTID,XCoord,YCoord,x,y
1,-12998817.25142170,3899193.05666023,-116.770362124286,33.0292951967358
