OBJECTID,XCoord,YCoord,x,y
1,-9387726.05252409,4642044.37029620,-84.3313779610941,38.4419242373791
