OBJECTID,XCoord,YCoord,x,y
1,-12645884.62644976,5203707.63193643,-113.599914411519,42.2846045963889
