OBJECTID,XCoord,YCoord,x,y
1,-9285513.40836412,4047675.59903468,-83.4131861563024,34.1404421353682
