OBJECTID,XCoord,YCoord,x,y
1,-13662053.06531425,5226167.32728689,-122.728310810237,42.4336913675384
