OBJECTID,XCoord,YCoord,x,y
1,-13255971.63009775,5940184.65438968,-119.080419211716,46.9884232349228
