OBJECTID,XCoord,YCoord,x,y
1,-13070398.97534676,4371780.01194104,-117.413391690941,36.5154481590708
