OBJECTID,XCoord,YCoord,x,y
1,-12210343.38827688,4868067.10853195,-109.687380900369,40.0146204332595
