OBJECTID,XCoord,YCoord,x,y
1,-13081766.56080838,3977572.90171639,-117.515508448578,33.6176224534446
