OBJECTID,XCoord,YCoord,x,y
1,-13214248.39855692,4114646.25285196,-118.705613045756,34.6369008872686
