OBJECTID,XCoord,YCoord,x,y
1,-9906582.13681719,3655158.91916833,-88.9923414688831,31.1724004317114
