OBJECTID,XCoord,YCoord,x,y
1,-12679909.66426281,3864992.33287693,-113.905566526621,32.7713398345206
