OBJECTID,XCoord,YCoord,x,y
1,-12388961.62483735,4140879.46288264,-111.291935819616,34.8305656334648
