OBJECTID,XCoord,YCoord,x,y
1,-13424562.06930721,4964653.58523931,-120.594892894699,40.6758979674079
