OBJECTID,XCoord,YCoord,x,y
1,-13685344.06453509,5104895.88146491,-122.937537416063,41.6244973571345
