OBJECTID,XCoord,YCoord,x,y
1,-13364341.18370599,4767697.76676015,-120.053919475111,39.3205888517973
