OBJECTID,XCoord,YCoord,x,y
1,-9315092.43191965,4187323.03645337,-83.678899045795,35.1723168054508
