OBJECTID,XCoord,YCoord,x,y
1,-13286392.63144703,5018802.49529295,-119.353695716419,41.0437877590978
