OBJECTID,XCoord,YCoord,x,y
1,-8056909.82209414,5255952.18204085,-72.3764523595986,42.6308565811937
