OBJECTID,XCoord,YCoord,x,y
1,-12339382.81617883,3701277.51993601,-110.846561803752,31.526208233671
