OBJECTID,XCoord,YCoord,x,y
1,-13148223.19358684,5072951.40534659,-118.112498538138,41.409632407954
