OBJECTID,XCoord,YCoord,x,y
1,-11488766.64606676,3850854.30536440,-103.205346738443,32.6644860315272
