OBJECTID,XCoord,YCoord,x,y
1,-12691940.97388714,5109426.81659692,-114.013645619856,41.6549155614138
