OBJECTID,XCoord,YCoord,x,y
1,-12529512.92431710,4109991.19950108,-112.554529624871,34.6024879130214
