OBJECTID,XCoord,YCoord,x,y
1,-9381785.88902464,4539998.42687206,-84.2780165644769,37.7203699266187
