OBJECTID,XCoord,YCoord,x,y
1,-13651592.09142443,5163263.77266142,-122.634338282917,42.0152478560495
