OBJECTID,XCoord,YCoord,x,y
1,-13437351.74023927,5908370.29133436,-120.70978446347,46.7931148711214
