OBJECTID,XCoord,YCoord,x,y
1,-13613287.13193646,5039048.03105118,-122.290238977261,41.1808116346572
