OBJECTID,XCoord,YCoord,x,y
1,-8914268.64868633,4207779.24401260,-80.0782377386241,35.3223886837706
