OBJECTID,XCoord,YCoord,x,y
1,-11771138.50232427,3844414.40149657,-105.741936281257,32.6157714647713
