OBJECTID,XCoord,YCoord,x,y
1,-12455270.51247963,4478987.33282851,-111.887598692036,37.2855747696173
