OBJECTID,XCoord,YCoord,x,y
1,-13347799.70768255,4520544.55681321,-119.905324867773,37.582007086095
