OBJECTID,XCoord,YCoord,x,y
1,-13380003.83562274,5032493.59795918,-120.194619471177,41.1364818628842
