OBJECTID,XCoord,YCoord,x,y
1,-12979768.93821144,5520460.86899323,-116.599248215352,44.3544620720973
