OBJECTID,XCoord,YCoord,x,y
1,-12119105.24224088,4873829.95416120,-108.86777468958,40.0542574122398
