OBJECTID,XCoord,YCoord,x,y
1,-12884474.00448405,4458957.65945126,-115.743199260687,37.1422819762106
