OBJECTID,XCoord,YCoord,x,y
1,-12915096.61530328,5378019.09146845,-116.018286854072,43.4323885424249
