OBJECTID,XCoord,YCoord,x,y
1,-12977513.57319540,5470823.79158250,-116.5789879267,44.0347654347366
