OBJECTID,XCoord,YCoord,x,y
1,-12510594.32741806,4956269.73019831,-112.384580977386,40.6187551343517
