OBJECTID,XCoord,YCoord,x,y
1,-9600044.23928751,4468270.06360787,-86.2386646837554,37.208937003748
