OBJECTID,XCoord,YCoord,x,y
1,-12345755.61061526,4625378.77629366,-110.9038095902,38.3245706821986
